<?xml version="1.0" encoding="UTF-8"?>
<beans xmlns="http://www.springframework.org/schema/beans"
       xmlns:xsi="http://www.w3.org/2001/XMLSchema-instance"
       xmlns:context="http://www.springframework.org/schema/context"
       xmlns:tx="http://www.springframework.org/schema/tx"
       xmlns:mybatis-spring="http://mybatis.org/schema/mybatis-spring"
       xmlns:aop="http://www.springframework.org/schema/aop"
       xmlns:task="http://www.springframework.org/schema/task" xmlns:s="http://www.springframework.org/schema/security"
       xmlns:mvc="http://www.springframework.org/schema/mvc"
       xsi:schemaLocation="http://mybatis.org/schema/mybatis-spring http://mybatis.org/schema/mybatis-spring-1.2.xsd
		http://www.springframework.org/schema/task http://www.springframework.org/schema/task/spring-task-4.3.xsd
		http://www.springframework.org/schema/beans http://www.springframework.org/schema/beans/spring-beans.xsd
		http://www.springframework.org/schema/context http://www.springframework.org/schema/context/spring-context-4.3.xsd
		http://www.springframework.org/schema/aop http://www.springframework.org/schema/aop/spring-aop-4.3.xsd
		http://www.springframework.org/schema/tx http://www.springframework.org/schema/tx/spring-tx-4.3.xsd
		http://www.springframework.org/schema/security
		http://www.springframework.org/schema/security/spring-security.xsd http://www.springframework.org/schema/mvc https://www.springframework.org/schema/mvc/spring-mvc.xsd">

    <!-- Root Context: defines shared resources visible to all other web components -->
    <bean id="hikariConfig" class="com.zaxxer.hikari.HikariConfig">

        <property name="driverClassName"
                  value="net.sf.log4jdbc.sql.jdbcapi.DriverSpy"/>
 <!--         <property name="jdbcUrl"-->
<!--                    value="jdbc:log4jdbc:oracle:thin:@192.168.0.101:1521:orcl"/>-->

                <property name="jdbcUrl"
                          value="jdbc:log4jdbc:oracle:thin:@localhost:1521:orcl"/>

        <property name="username" value="prgmgtest"/>
        <property name="password" value="12345"/>

    </bean>

    <!-- HikariCP configuration -->
    <bean id="dataSource" class="com.zaxxer.hikari.HikariDataSource"
          destroy-method="close">
        <constructor-arg ref="hikariConfig"/>
    </bean>

    <!--SqlSessionFactory 설정 : dataSource를 참조, mybatis-config.xml 경로설정-->
    <bean id="sqlSessionFactory" class="org.mybatis.spring.SqlSessionFactoryBean">
        <property name="dataSource" ref="dataSource"/>
        <property name="configLocation" value="classpath:mybatis-config.xml"/>
        <property name="mapperLocations" value="classpath:/mappers/**.xml"/>
    </bean>

    <bean id="sqlSession" class="org.mybatis.spring.SqlSessionTemplate" destroy-method="clearCache">
        <constructor-arg name="sqlSessionFactory" ref="sqlSessionFactory"/>
    </bean>

    <bean id="transactionManager" class="org.springframework.jdbc.datasource.DataSourceTransactionManager">
        <property name="dataSource" ref="dataSource"/>
    </bean>

    <!-- 패스워드 단방향 암호화 -->
    <bean id="passwordEncoder"
          class="org.springframework.security.crypto.bcrypt.BCryptPasswordEncoder" />

<!--    &lt;!&ndash; 이메일 &ndash;&gt;-->
<!--    <bean id="sendEmail"-->
<!--          class="org.leedh.util.SendEmail" />-->

    <tx:annotation-driven proxy-target-class="true"/>

    <context:component-scan base-package="org.leedh"/>

<!--        <mvc:interceptors>-->
<!--            <mvc:interceptor>-->
<!--                <mvc:mapping path="/main"/>-->
<!--                <bean class="org.leedh.user.interceptor.LoginInterceptor"/>-->
<!--            </mvc:interceptor>-->
<!--        </mvc:interceptors>-->


</beans>
